timestamp,price,total_volume,market_cap
2019-01-01 00:00:00,3692.5315655246986,2991427568.3035398,64422635599.72896
2019-01-02 00:00:00,3794.2642537397164,2689877851.31483,66188448932.14009
2019-01-03 00:00:00,3872.1721842228935,3263469039.3230205,67643304990.47443
2019-01-04 00:00:00,3776.525807694106,2261199754.98875,65922288582.921715
2019-01-05 00:00:00,3815.268079882635,2950054796.0741415,66650769533.12984
2019-01-06 00:00:00,3787.3078571242845,2763831883.889694,66070973627.255455
2019-01-07 00:00:00,4013.5200912973864,3435733235.508936,70084169300.15211
2019-01-08 00:00:00,3989.6687175387638,3360163853.3972144,69602133073.71902
2019-01-09 00:00:00,3973.5912546157865,3482430797.632785,69418693910.45465
2019-01-10 00:00:00,3982.2259127624075,3230523440.813054,69609283899.19995
2019-01-11 00:00:00,3623.8477291056797,4144535969.992497,63326376681.34885
2019-01-12 00:00:00,3632.849306434781,3263342032.794205,63121578243.94881
2019-01-13 00:00:00,3598.4363465618803,2456062889.7924027,62924488425.99548
2019-01-14 00:00:00,3495.832311307438,2675674829.818869,61050348901.5798
2019-01-15 00:00:00,3648.04828565649,3101461657.547051,63758350560.63251
2019-01-16 00:00:00,3567.801243199206,2953789408.2270346,62348810149.49811
2019-01-17 00:00:00,3597.6473233295915,2753646523.928816,62969304894.27945
2019-01-18 00:00:00,3620.9812811457246,3049367561.0957274,63320099663.395294
2019-01-19 00:00:00,3597.7932517701506,2649449860.3668847,62898826371.85565
2019-01-20 00:00:00,3674.587270857304,2766880413.283615,64269861567.8863
2019-01-21 00:00:00,3539.167531041029,2940644468.975576,61969431896.71978
2019-01-22 00:00:00,3531.004182799933,2561594564.573847,61784404483.04622
2019-01-23 00:00:00,3571.2669080928695,2718371971.9030104,62482350133.95662
2019-01-24 00:00:00,3555.7000025226243,2663764215.2983246,62216525710.040085
2019-01-25 00:00:00,3565.6420046170365,2514079887.672157,62397665388.19675
2019-01-26 00:00:00,3564.822417111422,2582590473.407218,62386316357.47355
2019-01-27 00:00:00,3563.614563419144,2548165746.089901,62374968460.904976
2019-01-28 00:00:00,3553.121681129778,2882787006.773549,62192208387.693
2019-01-29 00:00:00,3432.215668301249,3445780457.599724,60087154448.40433
2019-01-30 00:00:00,3413.3754832497975,4865613085.112716,59768195291.00078
2019-01-31 00:00:00,3457.8826491759864,4973814467.106895,60555372963.791016
2019-02-01 00:00:00,3431.943637864456,4330022381.196439,60101226569.37371
2019-02-02 00:00:00,3464.490147562154,3765731026.2153797,60678990333.1717
2019-02-03 00:00:00,3486.581616258029,3310421843.82123,61071179758.435844
2019-02-04 00:00:00,3454.025843825187,2375918195.082078,60524138032.473946
2019-02-05 00:00:00,3464.003508861087,4454914648.715065,60723961265.783615
2019-02-06 00:00:00,3469.8946770792636,3653777871.7193217,60825168548.915
2019-02-07 00:00:00,3405.836861256719,4211212356.0140643,59682137962.35292
2019-02-08 00:00:00,3394.0146529587223,3297274818.3709226,59482397752.99235
2019-02-09 00:00:00,3664.2821026589836,6293135761.36397,64226481382.1611
2019-02-10 00:00:00,3667.4082642899566,4883557856.511256,64286029202.05369
2019-02-11 00:00:00,3675.6916291247258,5081021129.885805,64439836442.25577
2019-02-12 00:00:00,3631.444539729949,5446022475.782068,63670312531.29947
2019-02-13 00:00:00,3633.9650467461183,5532706261.952275,63712841387.27635
2019-02-14 00:00:00,3610.0622730634022,5635612273.288616,63267872020.65663
2019-02-15 00:00:00,3589.661829626318,11971659893.345224,62991824523.89914
2019-02-16 00:00:00,3601.2291913968643,4506367416.966915,63165603231.85129
2019-02-17 00:00:00,3622.5916530750715,4019925054.643214,63547140519.07759
2019-02-18 00:00:00,3665.075530800723,4945386865.287532,64383522064.40136
2019-02-19 00:00:00,3886.5202004751386,9588927258.746943,68147457622.522125
2019-02-20 00:00:00,3915.0099712770552,5969708630.056735,68719418872.04398
2019-02-21 00:00:00,3976.808906528991,6377580055.125392,69790459105.50142
2019-02-22 00:00:00,3934.813593894817,6838246918.228343,69059468752.51183
2019-02-23 00:00:00,3973.6413227746357,5999302845.797907,69748877117.19371
2019-02-24 00:00:00,4115.3379267876635,8493566414.707253,72266544791.73584
2019-02-25 00:00:00,3742.868946700387,11112465191.137722,66108588220.39571
2019-02-26 00:00:00,3824.683504217102,9049456993.516651,67154603799.94677
2019-02-27 00:00:00,3809.209774682024,2992667601.164757,66890485485.37128
2019-02-28 00:00:00,3813.377891881294,7731184275.9768505,67155912259.18905
2019-03-01 00:00:00,3815.6076075249844,7627783000.608827,67016664287.2375
2019-03-02 00:00:00,3815.753939922755,5524886886.074838,67085713233.78275
2019-03-03 00:00:00,3819.645730582585,3291046239.4080496,67101767698.901596
2019-03-04 00:00:00,3806.9542737979564,6749676086.649796,66885712070.35212
2019-03-05 00:00:00,3712.812457297799,3608196680.9514556,65238057881.55198
2019-03-06 00:00:00,3852.461665785486,9088065055.193892,67733767403.2078
2019-03-07 00:00:00,3860.510762380684,8477459044.147217,67888909504.19791
2019-03-08 00:00:00,3871.637247965991,6098011809.539175,68020879276.31612
2019-03-09 00:00:00,3861.879307396147,9387592412.254822,67914021946.078575
2019-03-10 00:00:00,3941.600873271771,8968209821.64562,69292799411.19722
2019-03-11 00:00:00,3923.559788806432,8576340543.966685,68962957216.01791
2019-03-12 00:00:00,3860.3592300287123,6459945402.485972,67983966610.10971
2019-03-13 00:00:00,3876.480852754649,8326845840.668451,68203157396.32404
2019-03-14 00:00:00,3865.817782663389,7240802846.749305,67968370343.91208
2019-03-15 00:00:00,3876.6987080329527,8610482287.345255,68177693410.06057
2019-03-16 00:00:00,3925.460579704576,8157372614.811613,69031558676.15643
2019-03-17 00:00:00,4007.709463818873,8463266884.802993,70497099778.1464
2019-03-18 00:00:00,3980.9901047320204,6533306536.989777,70051219293.32379
2019-03-19 00:00:00,3986.7068940461468,7639543944.601985,70152235369.2381
2019-03-20 00:00:00,4013.5769693454813,7503839510.974511,70618508801.77231
2019-03-21 00:00:00,4045.57263350974,9137227916.145353,71208656536.95811
2019-03-22 00:00:00,3983.317781297362,9845582434.366617,70175421257.0859
2019-03-23 00:00:00,3989.1584912154526,9404569962.845264,70227188528.50433
2019-03-24 00:00:00,4008.945386314754,9206940724.647112,70485598083.6817
2019-03-25 00:00:00,3993.394900459549,9883972400.782845,70330401859.60312
2019-03-26 00:00:00,3927.577296521434,10661215003.017866,69206266248.88437
2019-03-27 00:00:00,3938.659743156943,19375985748.468594,69368692535.334
2019-03-28 00:00:00,4036.1609179207603,16215886403.31156,71134892682.49236
2019-03-29 00:00:00,4028.3913011796208,15160882530.764353,70961529493.34933
2019-03-30 00:00:00,4103.322859513963,16340416942.468424,72303023146.20026
2019-03-31 00:00:00,4103.856421333923,13007834059.593706,72305792937.3489
2019-04-01 00:00:00,4103.521738549332,9729996888.256725,72310769858.13646
2019-04-02 00:00:00,4146.321927706636,12393581266.933498,73066822741.99345
2019-04-03 00:00:00,4862.230427766917,24241877355.466156,86200568432.5752
2019-04-04 00:00:00,4955.831824018296,27840300618.851505,87673795383.52638
2019-04-05 00:00:00,4899.021553783287,23773239680.778233,86482892583.41296
2019-04-06 00:00:00,5014.955826888765,20072621554.053333,88332459637.7143
2019-04-07 00:00:00,5041.869075888309,19652913084.11381,88955701285.46048
2019-04-08 00:00:00,5176.97788362072,22875598540.266926,91102196906.19292
2019-04-09 00:00:00,5266.89477647303,21960916922.811954,92817357385.16908
2019-04-10 00:00:00,5172.1752647597095,15780870292.553698,91255525157.87743
2019-04-11 00:00:00,5308.905683164441,19407452726.86936,93646653914.38365
2019-04-12 00:00:00,5047.79316241402,19758274668.344517,89079171479.86378
2019-04-13 00:00:00,5082.46515242293,15595642633.838465,89668931907.92058
2019-04-14 00:00:00,5072.987191337883,12260233700.583128,89473995793.9539
2019-04-15 00:00:00,5149.314492798127,12373544680.894629,90952758268.0811
2019-04-16 00:00:00,5039.881017404402,13837248984.63684,89148028192.09521
2019-04-17 00:00:00,5213.598376962082,13646324289.841606,91835875597.91147
2019-04-18 00:00:00,5218.957150384528,14530488675.954275,92156851198.58777
2019-04-19 00:00:00,5274.767013336503,15343841014.064018,93215173176.98566
2019-04-20 00:00:00,5280.354444383007,16257796673.886168,93210585886.91354
2019-04-21 00:00:00,5307.689183437135,14990889921.786966,93900276128.91374
2019-04-22 00:00:00,5311.164840299274,16383813161.830389,93759009855.06888
2019-04-23 00:00:00,5380.935789575588,17199396916.729523,94990455842.8902
2019-04-24 00:00:00,5557.9257276108365,19400647819.940308,98039931169.25388
2019-04-25 00:00:00,5452.101753394462,20538511242.262634,96218396013.24342
2019-04-26 00:00:00,5203.088598730703,19329534423.79327,91817406863.89627
2019-04-27 00:00:00,5295.847320048228,19632024917.711243,93049690718.15042
2019-04-28 00:00:00,5256.977802474059,14876251954.397636,93148101239.95938
2019-04-29 00:00:00,5257.803249232503,15573084968.740429,92775167509.00262
2019-04-30 00:00:00,5199.755008563461,15442022886.730194,91885324029.79892
2019-05-01 00:00:00,5292.803974562054,16794865767.201723,93534079555.95955
2019-05-02 00:00:00,5354.5868001739655,14566414699.69271,94579889910.03488
2019-05-03 00:00:00,5450.706620486424,16512618030.609243,96389607751.50581
2019-05-04 00:00:00,5731.493099606555,20006287572.082245,101175865117.03497
2019-05-05 00:00:00,5803.943309048437,19242843059.82611,102653043813.21808
2019-05-06 00:00:00,5749.323780460327,16184057012.270828,101764683178.68076
2019-05-07 00:00:00,5715.7571359661015,16811224132.040009,101101531131.03914
2019-05-08 00:00:00,5841.053771273751,19408267639.192204,103982497546.43155
2019-05-09 00:00:00,5957.856732858399,16672412472.112143,105271848239.8506
2019-05-10 00:00:00,6168.268996398258,18401396126.039753,109284325643.20634
2019-05-11 00:00:00,6370.233758607852,20801839693.04227,112684642518.92992
2019-05-12 00:00:00,7258.261280655222,32480039429.768772,129323693413.35974
2019-05-13 00:00:00,6953.75138858638,31545333636.538036,122826926577.3603
2019-05-14 00:00:00,7805.98164948938,32078035930.772472,138089773338.27194
2019-05-15 00:00:00,7990.055553534356,35426123184.643654,141341132028.998
2019-05-16 00:00:00,8192.223138952013,30893707828.03641,144615566025.01224
2019-05-17 00:00:00,7875.913199526066,35026947533.93092,139525363820.16046
2019-05-18 00:00:00,7343.371457162994,33030146385.78164,130123159718.19748
2019-05-19 00:00:00,7300.655158341227,22478772524.431953,129270047519.99455
2019-05-20 00:00:00,8168.730689783752,30747684364.455803,144597541605.24557
2019-05-21 00:00:00,7976.851712899625,28621475467.769623,141109768386.16797
2019-05-22 00:00:00,7958.365526075088,25314342979.04727,141016653223.21735
2019-05-23 00:00:00,7665.79685383355,24589881451.39529,135913068220.78972
2019-05-24 00:00:00,7861.812792465447,25345060242.591587,139495233992.3291
2019-05-25 00:00:00,7977.244882467973,27368459147.198563,141356836449.39377
2019-05-26 00:00:00,8037.627431860584,23978335158.484913,142301375408.95212
2019-05-27 00:00:00,8631.080577844017,29224396883.37161,152778982387.80127
2019-05-28 00:00:00,8816.03391493351,33136840741.263596,156351517828.83902
2019-05-29 00:00:00,8726.978110456395,27335990651.150314,154706420284.54605
2019-05-30 00:00:00,8650.677405968292,28214892246.82482,153190671229.78632
2019-05-31 00:00:00,8310.891063057417,33295240431.3568,147528939419.42154
2019-06-01 00:00:00,8575.646353354166,30329343188.810726,152037344606.20877
2019-06-02 00:00:00,8554.261728092017,26683797989.859898,151754429106.1446
2019-06-03 00:00:00,8743.705469134235,25133975363.261288,155008799790.32507
2019-06-04 00:00:00,8173.632761796738,24486741553.27431,145118113641.65356
2019-06-05 00:00:00,7683.636261419786,25442100899.747612,136045887609.96283
2019-06-06 00:00:00,7812.44885473215,24641673547.477314,138590833268.1022
2019-06-07 00:00:00,7821.123897094859,24560046377.825275,138816674700.54028
2019-06-08 00:00:00,8036.108159122215,23629265497.41496,142810130543.30536
2019-06-09 00:00:00,7942.539284064289,19829877310.707806,140990840427.82074
2019-06-10 00:00:00,7668.029627860183,20152037017.9227,136055336062.27316
2019-06-11 00:00:00,8002.729982894047,21741587787.865116,141925422733.43433
2019-06-12 00:00:00,7897.975476598364,21017248550.29671,140220553937.84616
2019-06-13 00:00:00,8145.05909812096,22181532883.49916,144409895371.7695
2019-06-14 00:00:00,8227.625725590904,22919390183.839664,145982200973.5864
2019-06-15 00:00:00,8671.505388660793,23291543613.425556,154448670610.87314
2019-06-16 00:00:00,8818.609506932296,21892878336.785255,156571955413.46933
2019-06-17 00:00:00,8978.77258780693,27305637341.28109,159990740760.34872
2019-06-18 00:00:00,9312.868294808708,27464356714.403492,165478791606.02725
2019-06-19 00:00:00,9094.021746079217,25029522786.9119,161689176435.31613
2019-06-20 00:00:00,9285.928674251472,22298101529.460793,164856060873.05832
2019-06-21 00:00:00,9548.31456526146,24707058599.119995,169961289184.54773
2019-06-22 00:00:00,10118.359455626854,28580960082.617817,179686819951.0701
2019-06-23 00:00:00,10704.922148115673,40190146696.56423,190271555704.10333
2019-06-24 00:00:00,10846.12509964766,29108428088.363773,193006026351.06372
2019-06-25 00:00:00,11045.550419814825,27529761440.98961,196224565118.84543
2019-06-26 00:00:00,11808.419904075861,33544426408.459377,209906767119.21564
2019-06-27 00:00:00,12996.124342788677,56948964491.46552,231104555834.96542
2019-06-28 00:00:00,11178.682998186501,49628524363.00495,198805331511.7231
2019-06-29 00:00:00,12352.19686591269,44872003180.54631,219700496726.02618
2019-06-30 00:00:00,11972.555667220913,37724824506.92749,213020899675.1298
2019-07-01 00:00:00,10888.097181679726,34920211165.40479,193705059813.9276
2019-07-02 00:00:00,10639.046292232071,37463414436.63033,189075622551.36316
2019-07-03 00:00:00,10822.764178376405,39264695559.40571,191741802293.97986
2019-07-04 00:00:00,11975.637393818817,39944515601.67296,213139916541.64767
2019-07-05 00:00:00,11229.60561912491,32487314999.664185,199869428146.8407
2019-07-06 00:00:00,10987.248856214646,31349147296.84112,195514947598.0145
2019-07-07 00:00:00,11279.476377672418,28013279880.59072,200989208002.57162
2019-07-08 00:00:00,11436.430746923896,25828700446.947784,203441013269.87305
2019-07-09 00:00:00,12260.28269787262,30917398835.988853,217909027168.13293
2019-07-10 00:00:00,12544.167261709219,35885342263.04269,223082925042.62775
2019-07-11 00:00:00,12166.398288868606,42163626088.16242,216918064309.90915
2019-07-12 00:00:00,11385.060490564521,37061858272.52717,202244103401.21423
2019-07-13 00:00:00,11804.562793905448,30078548879.930676,210058300503.64526
2019-07-14 00:00:00,11418.511855491488,28485045772.443813,202979011731.3034
2019-07-15 00:00:00,10285.461109066944,29857566850.991676,183265698057.30487
2019-07-16 00:00:00,10911.345158309634,37553147017.32781,195225460386.1362
2019-07-17 00:00:00,9538.827124243868,34409824868.73926,170100385848.08353
2019-07-18 00:00:00,9657.303101319074,33328381504.616615,172236725014.4112
2019-07-19 00:00:00,10636.155728360647,34034952895.23173,189588944050.24216
2019-07-20 00:00:00,10536.565849576118,28858600367.989872,187718958960.57816
2019-07-21 00:00:00,10774.281137633849,26163874235.136333,190839615019.19455
2019-07-22 00:00:00,10607.463560702123,22814710058.302956,189302289398.0001
2019-07-23 00:00:00,10343.318139598357,21903683695.255173,184582963699.30176
2019-07-24 00:00:00,9936.380762347033,22986552398.152935,177060329754.31393
2019-07-25 00:00:00,9799.306312967936,33861034798.8304,175298806837.89883
2019-07-26 00:00:00,9878.23193291115,21622492404.321915,176569486287.9306
2019-07-27 00:00:00,9845.999447078504,19942172080.922203,175634298896.93475
2019-07-28 00:00:00,9447.678401413306,21257664351.47119,168472890623.8368
2019-07-29 00:00:00,9534.755426833233,18649152592.721436,170325673262.38525
2019-07-30 00:00:00,9510.593552181648,18424113909.504322,169247002246.27844
2019-07-31 00:00:00,9568.437452164315,20138691741.084114,170790961770.58182
2019-08-01 00:00:00,10062.996285663326,22957330875.71389,179525433372.0441
2019-08-02 00:00:00,10361.312000080692,23668036460.12257,185025579624.96027
2019-08-03 00:00:00,10529.171907427639,24128945574.578556,187993708173.329
2019-08-04 00:00:00,10791.200523159,22296222952.509827,192658484290.18
2019-08-05 00:00:00,10951.593834840049,23160251364.75935,195575205441.64883
2019-08-06 00:00:00,11818.525531066103,30944497414.37189,210831100251.74985
2019-08-07 00:00:00,11510.164154730011,31588470767.84309,204493918413.86813
2019-08-08 00:00:00,11970.657556451994,30083670251.80272,213446022648.57455
2019-08-09 00:00:00,12024.331570998236,26678574728.135372,214023992147.5213
2019-08-10 00:00:00,11852.561606995518,26240065034.99351,211775940827.03262
2019-08-11 00:00:00,11327.842642233223,24949094386.512787,202567916483.04468
2019-08-12 00:00:00,11549.998354322472,23042219585.47862,206323428608.19785
2019-08-13 00:00:00,11381.241355678554,19933740545.556496,203438784510.78018
2019-08-14 00:00:00,10903.6549918801,22886684527.86748,194716791550.1683
2019-08-15 00:00:00,10016.217389275296,26620934497.854107,178691691521.25024
2019-08-16 00:00:00,10295.87714290961,31003755661.55879,183808182261.62988
2019-08-17 00:00:00,10324.993597415598,28168163140.752064,184635409004.2465
2019-08-18 00:00:00,10224.218706633936,20998246406.662758,182893178091.06567
2019-08-19 00:00:00,10309.872435928555,19708814223.24016,184381498343.8289
2019-08-20 00:00:00,10895.97184442924,22097997941.55373,194884121164.64297
2019-08-21 00:00:00,10743.789313302059,19460170323.014637,192182485883.75177
2019-08-22 00:00:00,10124.058214168905,22757336326.19253,181094936743.7679
2019-08-23 00:00:00,10127.78985767835,20144228964.473103,181311699889.67206
2019-08-24 00:00:00,10385.509090033882,18313019852.750786,187878412535.86255
2019-08-25 00:00:00,10145.01247970698,21187546608.001797,181764456091.20227
2019-08-26 00:00:00,10090.061576030994,17899166778.010113,180491202154.3331
2019-08-27 00:00:00,10334.911854471331,23392461462.60586,184989701185.5528
2019-08-28 00:00:00,10167.889390020262,20937236587.026714,181891056658.03235
2019-08-29 00:00:00,9753.48704889705,22948105441.570866,174174790993.24042
2019-08-30 00:00:00,9485.141423780755,20461661030.393738,169825879929.63724
2019-08-31 00:00:00,9588.98750205815,16388578393.607964,171703455568.1713
2019-09-01 00:00:00,9607.289264302583,15364904438.864746,172069023390.1022
2019-09-02 00:00:00,9729.266231867814,15003447441.307947,174169160998.9338
2019-09-03 00:00:00,10323.022660378076,20258697359.12371,184367332385.84335
2019-09-04 00:00:00,10620.165189356907,23588848898.316532,190297653628.6036
2019-09-05 00:00:00,10573.515179027892,21198071664.662186,189378108188.9303
2019-09-06 00:00:00,10570.249940786205,18952591605.050835,189354988380.25543
2019-09-07 00:00:00,10350.748325717243,23555216964.15641,185513074361.89188
2019-09-08 00:00:00,10461.547731202416,18658457493.748917,187490153206.3296
2019-09-09 00:00:00,10404.333900445994,16804085431.159666,186487925900.29575
2019-09-10 00:00:00,10321.931613525778,21012460993.656765,185101736449.4789
2019-09-11 00:00:00,10121.102297214318,17425806760.661724,181228983504.8709
2019-09-12 00:00:00,10150.71002363705,19989784060.802094,182006412816.34204
2019-09-13 00:00:00,10401.319919342226,17986804176.941467,186490286819.08597
2019-09-14 00:00:00,10355.626898620032,16650634275.92447,185791118116.52597
2019-09-15 00:00:00,10349.551958231765,16529697331.07751,185709926005.05557
2019-09-16 00:00:00,10305.675020156998,13781855194.274492,184860740267.84445
2019-09-17 00:00:00,10268.421696882157,17580630287.953926,184216635305.296
2019-09-18 00:00:00,10203.071046816189,17279102873.152096,183148194810.27164
2019-09-19 00:00:00,10158.854517376085,18848349197.54596,182304851001.81525
2019-09-20 00:00:00,10253.232374680329,23532550737.76059,183793185092.94284
2019-09-21 00:00:00,10178.442572698175,17281137871.79277,182621118150.38165
2019-09-22 00:00:00,9997.199887816778,15973816316.06345,179541584400.57428
2019-09-23 00:00:00,10041.304200624943,16268084726.893106,180261864537.87436
2019-09-24 00:00:00,9699.504938095957,17797331461.86323,174073117682.94675
2019-09-25 00:00:00,8702.713528026236,27762368999.148655,158225996381.2368
2019-09-26 00:00:00,8446.244115548528,25000732108.2125,151968918856.4794
2019-09-27 00:00:00,8098.80982048931,22627889543.82238,145450672156.79562
2019-09-28 00:00:00,8183.482347567026,19755414533.472134,147034755881.78366
2019-09-29 00:00:00,8225.11037185192,17936691398.41125,147518938470.12482
2019-09-30 00:00:00,8064.380983385267,16673592219.88411,144886125387.55658
2019-10-01 00:00:00,8271.290855465355,21681424234.680668,148699326425.13895
2019-10-02 00:00:00,8366.503905663569,17832872037.116558,150346803070.61414
2019-10-03 00:00:00,8350.132163242944,17676173879.14879,150093691781.89334
2019-10-04 00:00:00,8176.354679406582,17383555314.276905,146959035399.77228
2019-10-05 00:00:00,8156.519553840962,16931274118.12778,146603545122.07248
2019-10-06 00:00:00,8140.242484268429,16751341177.800287,146326858013.4359
2019-10-07 00:00:00,7890.234349864658,16860212059.076086,141846566055.1005
2019-10-08 00:00:00,8182.251593084191,21702135918.512657,147113201630.43686
2019-10-09 00:00:00,8180.69113018462,19349468269.498783,147101302074.693
2019-10-10 00:00:00,8573.060086448735,21622617282.771305,154173400068.15204
2019-10-11 00:00:00,8561.51932921772,21307956536.769913,153974523119.16272
2019-10-12 00:00:00,8277.848351085042,22522161253.606262,148684409190.17136
2019-10-13 00:00:00,8308.470967433434,18009645880.918533,149460560799.4891
2019-10-14 00:00:00,8289.497236618896,17006193531.89216,149295847366.54712
2019-10-15 00:00:00,8347.350350085451,17384052860.807076,150188449071.35995
2019-10-16 00:00:00,8175.8631121051185,17879549108.634247,147132917995.71127
2019-10-17 00:00:00,8010.3021797941665,18700096464.78663,144153894666.31094
2019-10-18 00:00:00,8079.931459479744,17154383746.943813,145395122717.3465
2019-10-19 00:00:00,7957.314093995798,18867966948.333694,143241128773.44717
2019-10-20 00:00:00,7949.802268609832,16704267725.143393,143016860664.09183
2019-10-21 00:00:00,8208.362621758712,18477598769.79049,147845092519.85434
2019-10-22 00:00:00,8220.91853113097,17608633115.73991,147972317568.96027
2019-10-23 00:00:00,8045.294246807262,19789278104.487,144778678025.77008
2019-10-24 00:00:00,7468.5325324369,23372887462.736748,134533554377.15782
2019-10-25 00:00:00,7433.915345679171,18827850066.723927,133881191476.35277
2019-10-26 00:00:00,8652.030029867461,33573878835.9482,155391555503.11636
2019-10-27 00:00:00,9217.236031536286,49973845766.74797,166118326255.2487
2019-10-28 00:00:00,9502.020114436129,38396780063.80312,171191596562.45987
2019-10-29 00:00:00,9239.897283779665,36102429175.35568,166074573773.0519
2019-10-30 00:00:00,9407.163351459427,32395177164.64729,169552821617.46747
2019-10-31 00:00:00,9171.874474054188,30846909824.024616,165289440818.62827
2019-11-01 00:00:00,9151.824594459767,30452200168.00832,165197797836.50772
2019-11-02 00:00:00,9233.413801605904,28239184318.818405,166428932044.73645
2019-11-03 00:00:00,9302.83461784109,24723381192.255867,167702162283.47888
2019-11-04 00:00:00,9204.286350451268,24204135432.760372,166118344447.8207
2019-11-05 00:00:00,9378.953914330921,30915689705.65933,169099256441.51648
2019-11-06 00:00:00,9300.373963047077,30247351915.79828,167676477990.56866
2019-11-07 00:00:00,9340.048651574896,28787468129.58143,168462131862.39618
2019-11-08 00:00:00,9221.073784983802,27099310469.653824,166326340114.0134
2019-11-09 00:00:00,8795.896069400225,30263888374.64715,158619022798.02048
2019-11-10 00:00:00,8809.78367388588,22726115538.66086,159050488591.96796
2019-11-11 00:00:00,9043.673292397065,24973742612.68736,162996713000.82236
2019-11-12 00:00:00,8729.917418490728,24569575079.59694,157759659438.00317
2019-11-13 00:00:00,8806.751998954014,25677565875.96828,158722325407.9381
2019-11-14 00:00:00,8770.78082523136,22919706604.19164,158380664653.97025
2019-11-15 00:00:00,8652.025288272329,24149531741.878155,156230551241.27246
2019-11-16 00:00:00,8480.435541874604,27102692384.575447,152925645908.6678
2019-11-17 00:00:00,8496.376959145864,21153024163.074257,153343011226.43033
2019-11-18 00:00:00,8508.499434051764,22808991914.563442,153491320212.84177
2019-11-19 00:00:00,8202.834446107912,25563738775.736923,148089631526.6356
2019-11-20 00:00:00,8138.831605359057,24993518393.55118,146797393103.30997
2019-11-21 00:00:00,8095.865638011639,23442272034.865948,146173851045.95633
2019-11-22 00:00:00,7632.494765498649,26390689050.100677,137741605692.4732
2019-11-23 00:00:00,7293.013949172297,39111609334.13761,131796120680.40385
2019-11-24 00:00:00,7309.689243566324,23984198665.43141,132153647357.58482
2019-11-25 00:00:00,6935.73862740252,25073885715.215588,126056411448.4486
2019-11-26 00:00:00,7118.264883393205,34693320000.26776,128442554040.63123
2019-11-27 00:00:00,7157.684731054473,25650766567.61929,129550686418.96344
2019-11-28 00:00:00,7483.754192176799,28972696169.33813,135280930611.90535
2019-11-29 00:00:00,7438.621769308849,22282583660.62635,134540136588.5858
2019-11-30 00:00:00,7720.865011260837,23595242633.932213,139585890644.02713
2019-12-01 00:00:00,7556.397585815771,19070509164.52246,136619988247.82372
2019-12-02 00:00:00,7405.808478752477,22892863739.73771,133806709251.17145
2019-12-03 00:00:00,7308.982444423794,19403364522.996704,132186853223.4845
2019-12-04 00:00:00,7286.080951511441,17246866850.787033,131920184619.24728
2019-12-05 00:00:00,7209.971417454778,24794733347.334072,130707605071.54597
2019-12-06 00:00:00,7373.782498577651,22344057773.817043,133644089121.62451
2019-12-07 00:00:00,7530.922830404948,20930338571.63358,135763797983.31136
2019-12-08 00:00:00,7493.545154556748,17579259210.777077,135655571430.9959
2019-12-09 00:00:00,7508.315669139108,17330633418.24195,135886870643.2531
2019-12-10 00:00:00,7347.036951245358,19646929698.93577,133091781420.79082
2019-12-11 00:00:00,7233.950487171398,19546221321.506252,130970047495.47795
2019-12-12 00:00:00,7197.426825880834,18016936696.22855,130242932604.26935
2019-12-13 00:00:00,7200.7070180298015,19829801017.961727,130489545691.80917
2019-12-14 00:00:00,7247.350277010915,18535665729.09757,131188243085.0565
2019-12-15 00:00:00,7081.740255265727,19497758114.150417,128114177662.37697
2019-12-16 00:00:00,7108.563021778046,18896096612.075874,128886696696.6067
2019-12-17 00:00:00,6901.036915336086,22208927988.54228,124984942945.9272
2019-12-18 00:00:00,6627.162514553135,26481385708.660343,119931733577.11955
2019-12-19 00:00:00,7274.768503792503,57308255783.65001,131230049166.53404
2019-12-20 00:00:00,7152.558691632884,23539013331.219044,129498636860.963
2019-12-21 00:00:00,7185.439179630756,22483207163.876167,130122764301.36633
2019-12-22 00:00:00,7141.554857046259,18632480432.842224,129342305760.32504
2019-12-23 00:00:00,7488.196174601466,24325792143.84145,135086328271.26213
2019-12-24 00:00:00,7335.207616177015,30235862118.677433,132931613272.25092
2019-12-25 00:00:00,7266.60819662888,26519710985.47972,131358497318.59528
2019-12-26 00:00:00,7204.1848756885975,23546783550.72025,130643567866.79239
2019-12-27 00:00:00,7208.489307892152,24771695136.045387,130768750218.36032
2019-12-28 00:00:00,7247.62371236525,25893684880.003193,131349923253.42535
2019-12-29 00:00:00,7307.887522683333,21437778061.8769,132567576727.86806
2019-12-30 00:00:00,7394.029285530991,22035194451.00931,133997529973.30914
2019-12-31 00:00:00,7240.4289122518185,22320671263.717125,131377523457.07199
2020-01-01 00:00:00,7195.153895430029,21187883711.18498,130394101535.60994
2020-01-02 00:00:00,7193.7546679601,18123516838.8979,130422953817.668
2020-01-03 00:00:00,6963.853353983485,20313194628.09452,126280790200.20206
2020-01-04 00:00:00,7300.34693530511,31015776262.21867,132766262579.09486
2020-01-05 00:00:00,7351.377053166627,20611640058.34164,133474716218.18333
2020-01-06 00:00:00,7349.972248050628,21929224570.56102,133388991086.87987
2020-01-07 00:00:00,7734.675515785289,28148518761.51164,140557168287.4443
2020-01-08 00:00:00,8147.415237636371,34823187724.289955,147798610895.50055
2020-01-09 00:00:00,8045.789124592971,39971512000.06816,146089575425.2795
2020-01-10 00:00:00,7832.795643840387,29276053440.88472,141913856953.47913
2020-01-11 00:00:00,8180.513169803805,35777298156.26295,146879934259.3087
2020-01-12 00:00:00,8012.085781814529,31504583511.03613,145561586658.57422
2020-01-13 00:00:00,8171.401185320944,27533390875.51989,148204228775.38776
2020-01-14 00:00:00,8110.647964503772,27962176780.628242,147446058196.45944
2020-01-15 00:00:00,8801.871213137745,55384169405.51928,159481192213.82108
2020-01-16 00:00:00,8820.85010599613,48160401007.254,159960761751.8495
2020-01-17 00:00:00,8720.91950137424,36462155571.2176,158412991117.64667
2020-01-18 00:00:00,8902.568995225329,41671910798.34088,161848747742.1508
2020-01-19 00:00:00,8906.902675151074,36801813631.51236,161823609428.34625
2020-01-20 00:00:00,8690.380569544623,39242297095.94223,157906057309.30655
2020-01-21 00:00:00,8631.253954333763,29527689342.88548,156848009983.54858
2020-01-22 00:00:00,8724.818622931474,27057681779.746685,158564958350.98007
2020-01-23 00:00:00,8665.436914096897,25628542094.50134,157502652064.02246
2020-01-24 00:00:00,8415.956027335538,30696020541.207973,152984928858.5764
2020-01-25 00:00:00,8432.096675789418,30691734305.128674,153294353936.51035
2020-01-26 00:00:00,8348.665665079325,26582198966.298725,151794495723.25214
2020-01-27 00:00:00,8595.728298493115,30241155463.270596,156302144661.30927
2020-01-28 00:00:00,8879.335548714553,39661537339.92209,161473602737.4275
2020-01-29 00:00:00,9320.805853868467,49812761504.1306,169518428144.8912
2020-01-30 00:00:00,9276.893821086494,47273353143.75747,168738228801.50467
2020-01-31 00:00:00,9509.80513557522,51037775414.9802,172993102966.37723
2020-02-01 00:00:00,9308.060285564778,50102814005.68021,169340144566.23718
2020-02-02 00:00:00,9363.22420680057,48307978233.84802,170361167834.16483
2020-02-03 00:00:00,9338.416631939404,55025402183.682236,169926610304.08496
2020-02-04 00:00:00,9308.91270229121,56824765307.81458,169406963182.6937
2020-02-05 00:00:00,9179.95928107711,55377658455.62325,167075369075.11478
2020-02-06 00:00:00,9592.18387389791,65675565620.91084,174596806174.2994
2020-02-07 00:00:00,9744.636578159387,71141695218.03949,177388314197.5645
2020-02-08 00:00:00,9799.448455824684,69495711755.62915,178414902529.15167
2020-02-09 00:00:00,9890.701658194865,71561797135.19986,180081607384.42255
2020-02-10 00:00:00,10148.379719131783,78110955304.52135,184792100015.16357
2020-02-11 00:00:00,9890.121224019967,81406687324.35088,180145850760.05313
2020-02-12 00:00:00,10226.925769215322,38930644711.90421,186262984851.99295
2020-02-13 00:00:00,10328.897565836414,45456624047.83392,188132988212.86746
2020-02-14 00:00:00,10221.260309201634,54151236617.55855,186190344916.03287
2020-02-15 00:00:00,10320.157140513991,50206573483.049774,187680301470.73926
2020-02-16 00:00:00,9894.136123789158,51460340288.898056,180265718400.57037
2020-02-17 00:00:00,9943.673602578743,42364906261.0548,181221481668.7407
2020-02-18 00:00:00,9723.605026422496,48517591137.467995,176547652266.39673
2020-02-19 00:00:00,10133.817417084678,54648014949.72496,184918071499.10074
2020-02-20 00:00:00,9618.409248250406,50502739123.75383,175312937106.92148
2020-02-21 00:00:00,9608.16918128246,53579139400.80847,174871048291.16623
2020-02-22 00:00:00,9673.011800270346,37678167400.71924,176701844101.55685
2020-02-23 00:00:00,9658.606058375473,32555342237.084362,176097270350.4831
2020-02-24 00:00:00,9946.716123467522,38743680759.32858,181368043820.09412
2020-02-25 00:00:00,9670.9608064677,41928789500.12296,175872097740.40662
2020-02-26 00:00:00,9345.342701734848,39441760776.318504,170478976467.6238
2020-02-27 00:00:00,8801.657129472504,45140119229.636024,160731785487.8149
2020-02-28 00:00:00,8781.175282202359,43045469000.97675,160149975301.41962
2020-02-29 00:00:00,8717.331431359424,41297721067.30182,159030381910.26715
2020-03-01 00:00:00,8552.989118581636,33291626663.006737,156047250857.11172
2020-03-02 00:00:00,8567.802248679225,34310775733.322155,155934421965.2728
2020-03-03 00:00:00,8905.876104262194,59776629742.57125,162521881368.8758
2020-03-04 00:00:00,8756.718576742549,68336042797.3885,159816567727.14258
2020-03-05 00:00:00,8758.646993191916,38832067216.87788,159869936941.09732
2020-03-06 00:00:00,9038.870323233425,38122635173.15044,165070261612.788
2020-03-07 00:00:00,9135.84506603321,41388087588.44269,166791067805.42844
2020-03-08 00:00:00,8902.20195010789,36764763103.12236,162543409238.00458
2020-03-09 00:00:00,8041.365538071835,39132209137.697235,147076617271.6885
2020-03-10 00:00:00,7921.33200691072,45678665163.11017,144664117909.4077
2020-03-11 00:00:00,7906.731528510632,40882213633.94649,144410718987.88852
2020-03-12 00:00:00,7935.522040170545,38689036552.81125,144948460093.29614
2020-03-13 00:00:00,5142.990459018316,50009548492.07486,93092131086.97026
2020-03-14 00:00:00,5542.819542373153,74329688818.10397,101262945297.35811
2020-03-15 00:00:00,5214.189112383918,36054625746.82817,95216478864.65564
2020-03-16 00:00:00,5397.93335743919,32985693209.74783,98632587514.00247
2020-03-17 00:00:00,5032.501351487721,44034438467.966835,91962797384.28253
2020-03-18 00:00:00,5389.41577503409,36007089253.822556,98079756006.79294
2020-03-19 00:00:00,5376.280747845438,37618067230.41405,98259998309.05324
2020-03-20 00:00:00,6170.200600237675,48056214948.15649,112778383593.49141
2020-03-21 00:00:00,6195.603505257629,50936770688.25396,113030383272.51407
2020-03-22 00:00:00,6145.770891252399,40189198131.46317,112349835902.32983
2020-03-23 00:00:00,5859.647430299388,37255748385.30394,107128564670.89128
2020-03-24 00:00:00,6456.347485963419,45578824447.64577,118046727572.5451
2020-03-25 00:00:00,6730.173782371188,45846522059.373184,123064256188.85924
2020-03-26 00:00:00,6695.9006183977235,42082295491.03078,122445336599.19923
2020-03-27 00:00:00,6765.56207892991,34840544710.10888,123732739823.4625
2020-03-28 00:00:00,6397.826328325604,32910551599.472366,117019679177.81361
2020-03-29 00:00:00,6255.000398693634,35231848358.55144,114171796491.49913
2020-03-30 00:00:00,5915.337154791903,25923471292.176422,108551603303.50957
2020-03-31 00:00:00,6403.141235565223,34907149977.57921,117151628726.53436
2020-04-01 00:00:00,6421.70541388854,32287674952.1782,117750205634.39989
2020-04-02 00:00:00,6640.797666310131,35886963977.71526,120921617010.34784
2020-04-03 00:00:00,6807.897017890566,47638672293.73783,124719708453.63535
2020-04-04 00:00:00,6732.852018394612,39867535857.25387,123234164427.70816
2020-04-05 00:00:00,6859.424923721944,35009177102.13241,125564427826.17566
2020-04-06 00:00:00,6788.048272605917,31885662165.01491,124272363451.93964
2020-04-07 00:00:00,7297.635558289496,45370138560.82485,133484854333.44951
2020-04-08 00:00:00,7196.782202442051,43386074290.71468,131782164465.85344
2020-04-09 00:00:00,7342.291601148024,38922547592.862114,134518720640.0234
2020-04-10 00:00:00,7294.488875121554,34921486435.060486,133598651281.71776
2020-04-11 00:00:00,6864.694257006497,37828011010.9016,125740858699.27551
2020-04-12 00:00:00,6878.781212589853,30280054180.28837,125980543742.36499
2020-04-13 00:00:00,6913.158787469097,34544392366.04943,126655463658.31227
2020-04-14 00:00:00,6857.538537511484,38062368291.08157,125651103790.21225
2020-04-15 00:00:00,6860.17853570111,33837365577.44977,125713883015.64563
2020-04-16 00:00:00,6629.431738031291,29692916171.011845,121499498109.80829
2020-04-17 00:00:00,7059.92622475854,45752002264.274315,129402884477.95892
2020-04-18 00:00:00,7035.261503989225,31701906839.621475,128961704237.38853
2020-04-19 00:00:00,7242.5109294929825,30035235468.3311,132775323305.43571
2020-04-20 00:00:00,7127.511949689152,29714765522.325314,130680700686.31035
2020-04-21 00:00:00,6856.456278354705,35276609104.457115,125724610427.89977
2020-04-22 00:00:00,6842.038597634602,30093303601.39072,125473149029.1152
2020-04-23 00:00:00,7109.995291181778,30819547915.3444,130398643209.39326
2020-04-24 00:00:00,7382.793144116689,41032858925.23595,135414822709.73111
2020-04-25 00:00:00,7495.393587498606,33233126912.999897,137493716065.4006
2020-04-26 00:00:00,7538.557687279841,31610167152.118294,138298135122.85803
2020-04-27 00:00:00,7683.867415083342,33760863612.125053,140977260141.33173
2020-04-28 00:00:00,7774.281554448049,35205525351.89531,142649802462.8293
2020-04-29 00:00:00,7758.230255185947,32855687796.969097,142370212777.1421
2020-04-30 00:00:00,8744.430287016561,60399592065.54053,160483573440.17792
2020-05-01 00:00:00,8610.63580374089,65838312160.09067,158042623264.3916
2020-05-02 00:00:00,8824.818413551968,44773967197.55202,161989355178.82224
2020-05-03 00:00:00,8966.307014689282,39177855720.33245,164603123455.99927
2020-05-04 00:00:00,8888.671912686868,45617019157.37323,163036842346.68604
2020-05-05 00:00:00,8884.407813577056,44698213713.39127,162341412439.88123
2020-05-06 00:00:00,9003.240557621584,43436234291.97107,165335617639.04947
2020-05-07 00:00:00,9144.68703972007,48538811466.802704,167950864937.1468
2020-05-08 00:00:00,9959.166416261767,61712313964.69186,182927847431.44946
2020-05-09 00:00:00,9821.81131529702,50955646313.40579,180421762956.3486
2020-05-10 00:00:00,9566.777187205966,46706541180.09866,175752574354.63544
2020-05-11 00:00:00,8752.617087745832,61704475184.53314,160814678353.7077
2020-05-12 00:00:00,8604.75159101983,57996080837.490005,158113540964.46692
2020-05-13 00:00:00,8788.466749414652,39515455755.72524,161474125336.405
2020-05-14 00:00:00,9283.08601265873,44239951916.52319,170593350055.82486
2020-05-15 00:00:00,9796.494527024528,52076585310.72393,179398095871.3398
2020-05-16 00:00:00,9309.29535940684,44866846516.37974,170983863891.47488
2020-05-17 00:00:00,9375.29710843331,34146492788.290554,172309401206.74423
2020-05-18 00:00:00,9666.32719340344,35650032953.969925,177224284369.1316
2020-05-19 00:00:00,9708.439858793108,38922896809.95441,178446153576.46417
2020-05-20 00:00:00,9760.198937162193,37077538114.72087,179127815802.66245
2020-05-21 00:00:00,9526.50759300584,34829170074.82492,175227227252.9058
2020-05-22 00:00:00,9059.962506871727,35965016693.72406,166569335290.8396
2020-05-23 00:00:00,9131.767275081993,27700943119.83718,168309812992.5134
2020-05-24 00:00:00,9170.361063506127,26159735072.083897,168614573110.75775
2020-05-25 00:00:00,8731.848525870651,29437505507.203728,161407638875.36517
2020-05-26 00:00:00,8883.691769863415,29130957734.103832,163333743988.58344
2020-05-27 00:00:00,8839.130663273247,26860828302.61543,162547226896.53772
2020-05-28 00:00:00,9174.118563996424,28916177009.890633,168615778509.82266
2020-05-29 00:00:00,9546.04563503715,31771100326.33337,175534414971.32306
2020-05-30 00:00:00,9427.120373393418,28880265574.932682,173355014878.4796
2020-05-31 00:00:00,9662.70587254818,30231487421.644287,177978616382.68933
2020-06-01 00:00:00,9466.961781429516,27396663221.152317,174105710752.04755
2020-06-02 00:00:00,10167.93069332851,33702539853.509113,186932702065.96875
2020-06-03 00:00:00,9515.243858655718,36841150778.6441,175463166971.51956
2020-06-04 00:00:00,9645.227869360308,25222025158.95508,177416480472.83005
2020-06-05 00:00:00,9776.20299178848,24903069188.397156,179830985954.85498
2020-06-06 00:00:00,9636.965527050057,23447982002.19483,177373937377.29663
2020-06-07 00:00:00,9662.858709002241,19374357195.06036,177901732349.93213
2020-06-08 00:00:00,9738.603356828593,23856639264.762486,179167717944.46164
2020-06-09 00:00:00,9773.02951309516,21154971285.09144,179810911053.20026
2020-06-10 00:00:00,9767.00531665552,22844271951.206215,179709840753.7975
2020-06-11 00:00:00,9874.898681832236,24398738299.650776,181705166673.57462
2020-06-12 00:00:00,9325.996856202635,31225155444.61979,171615707160.27472
2020-06-13 00:00:00,9469.533297509908,23601462338.138706,174266571295.67957
2020-06-14 00:00:00,9469.473456163696,19693461096.502857,174275005803.05463
2020-06-15 00:00:00,9345.960907722063,18836155988.901707,172116372679.33923
2020-06-16 00:00:00,9431.719262201745,29160908896.896835,173598215783.88248
2020-06-17 00:00:00,9524.92661691022,26391020757.045525,175075304218.30185
2020-06-18 00:00:00,9463.361414311787,23643218251.137486,174231189757.1904
2020-06-19 00:00:00,9399.767217129216,20601074385.503212,173034439845.62103
2020-06-20 00:00:00,9312.780104497786,23738525501.71876,171101646024.0128
2020-06-21 00:00:00,9360.247968201687,19774464252.766605,172323213442.3655
2020-06-22 00:00:00,9298.360829121417,18986237382.053703,171192409474.1401
2020-06-23 00:00:00,9678.683208975835,24768621256.838917,178128652479.62244
2020-06-24 00:00:00,9624.684291831398,17756804210.055347,177187041226.59833
2020-06-25 00:00:00,9288.061774486938,23183760291.75444,171028279701.5032
2020-06-26 00:00:00,9258.667161007706,23499175984.21671,170495281892.45944
2020-06-27 00:00:00,9166.486360416233,22429204010.635517,168807143703.19455
2020-06-28 00:00:00,9013.90556467614,21515626881.09779,166004979429.79742
2020-06-29 00:00:00,9139.903276297824,19665935216.70147,168334049772.4726
2020-06-30 00:00:00,9185.166540651147,19754459582.74716,169175896894.16483
2020-07-01 00:00:00,9149.721996758017,19741435780.48584,168558715595.07886
2020-07-02 00:00:00,9230.672998590804,20005031554.019035,170031996602.76715
2020-07-03 00:00:00,9094.318072166905,19379463385.296654,167604994105.34857
2020-07-04 00:00:00,9071.3850427828,17420495829.39433,167116284671.21997
2020-07-05 00:00:00,9132.908369533492,16643732672.692139,168258822207.29507
2020-07-06 00:00:00,9087.407312582163,17324463886.377956,167429736492.90482
2020-07-07 00:00:00,9342.376492626678,21987059041.689262,172136257752.3712
2020-07-08 00:00:00,9253.630980242333,18945747769.31741,170510411872.0138
2020-07-09 00:00:00,9432.172515827939,20708592426.03485,173809293389.63837
2020-07-10 00:00:00,9235.716302064242,19480413474.236183,170198606143.6283
2020-07-11 00:00:00,9282.913638839902,18224423467.7428,171104767641.88345
2020-07-12 00:00:00,9234.314674712627,16167064476.282873,170191069703.26535
2020-07-13 00:00:00,9297.479635872663,17173962879.687658,171364106456.32056
2020-07-14 00:00:00,9240.76251972468,18245667827.005356,170370727819.23874
2020-07-15 00:00:00,9247.060695963813,19147263017.229504,170451532161.73575
2020-07-16 00:00:00,9203.371435179699,16565948994.90621,169758848797.9732
2020-07-17 00:00:00,9136.483376363976,18760484380.276333,168496782960.8989
2020-07-18 00:00:00,9156.276583115488,16500659021.756384,168760444137.05035
2020-07-19 00:00:00,9168.402736564132,15638459042.903372,169031588403.36658
2020-07-20 00:00:00,9202.615839500108,16085385661.984406,169692625141.8043
2020-07-21 00:00:00,9163.159654576915,17080393205.34609,168936986921.46805
2020-07-22 00:00:00,9384.379751903267,20048075731.25112,173036757675.6725
2020-07-23 00:00:00,9514.304987626969,19702428931.328556,175370017196.6754
2020-07-24 00:00:00,9589.81771944117,26966148756.408127,176821599773.56787
2020-07-25 00:00:00,9535.93879573746,35810926084.94321,175865705417.72916
2020-07-26 00:00:00,9691.825138917147,36726067828.3661,178740874539.49573
2020-07-27 00:00:00,9925.751397476346,19713211084.56171,183064851468.00018
2020-07-28 00:00:00,10962.258481207355,34694788843.590096,202191797991.40768
2020-07-29 00:00:00,10904.916526918994,27637575180.450962,201144184191.06567
2020-07-30 00:00:00,11093.612240442404,23642111784.048485,204969785090.6761
2020-07-31 00:00:00,11116.307163685275,22265381996.186665,205200775318.21756
2020-08-01 00:00:00,11325.5515272739,22329797905.441616,208933774575.1489
2020-08-02 00:00:00,11812.094307268515,26198946496.277836,217741425308.62857
2020-08-03 00:00:00,11066.306240590267,27584591853.069736,204126077224.646
2020-08-04 00:00:00,11230.907762749297,20583344056.841503,207218525401.74573
2020-08-05 00:00:00,11181.917508034885,20527193170.963608,206583502227.55646
2020-08-06 00:00:00,11719.26352395155,22359870185.20913,216249264843.70206
2020-08-07 00:00:00,11768.127742240009,21793317050.968628,217128467890.10898
2020-08-08 00:00:00,11571.487980683192,21624736673.079872,213579066889.25037
2020-08-09 00:00:00,11739.131006414418,17286825185.217506,216526346494.08014
2020-08-10 00:00:00,11682.851469154939,17051550190.814676,215621627427.59085
2020-08-11 00:00:00,11862.938012702563,24145919191.344177,218920276229.41245
2020-08-12 00:00:00,11398.671060896633,24448699831.26472,210825577055.42203
2020-08-13 00:00:00,11579.867951602135,22803776234.97776,213770877597.90494
2020-08-14 00:00:00,11817.164038803397,24755770184.138535,217185020504.78033
2020-08-15 00:00:00,11777.391322489924,21650925951.996807,216916952670.3025
2020-08-16 00:00:00,11864.905810156475,21285690552.515503,219049736823.3334
2020-08-17 00:00:00,11901.776488302461,19209711614.40851,219750735622.69547
2020-08-18 00:00:00,12272.465808160425,25481896190.555748,226536103501.8635
2020-08-19 00:00:00,11949.610970628193,24825715158.705486,220980135332.21396
2020-08-20 00:00:00,11733.278970862082,23384200655.888924,216660276172.5052
2020-08-21 00:00:00,11861.83657727968,20353349054.591465,219044968220.88754
2020-08-22 00:00:00,11515.124298729217,23406354443.011192,212896669545.7498
2020-08-23 00:00:00,11676.385305081287,19572783953.57896,215641597239.98148
2020-08-24 00:00:00,11647.928120934363,18467219109.184135,215347356765.4613
2020-08-25 00:00:00,11758.828120368864,20061559392.103256,217410678530.35837
2020-08-26 00:00:00,11350.753473213,23423332918.936924,209658632328.37
2020-08-27 00:00:00,11465.002564032086,20869928785.800804,211778947737.22385
2020-08-28 00:00:00,11300.398363810944,21595917446.043972,208747591910.15524
2020-08-29 00:00:00,11519.118388160729,19271253870.82992,212799723684.94672
2020-08-30 00:00:00,11481.481823317012,18415439613.538937,212114842611.5429
2020-08-31 00:00:00,11701.004008657852,19909556666.601448,216179629567.18042
2020-09-01 00:00:00,11672.324104943627,21077276617.8664,215921598551.33038
2020-09-02 00:00:00,11895.225345345636,25232603061.53493,221315690777.34525
2020-09-03 00:00:00,11418.254756916149,26038738388.798878,210746091569.71368
2020-09-04 00:00:00,10197.459822768922,49411126240.51858,188438095255.46017
2020-09-05 00:00:00,10484.470392265588,27623487077.06882,194040447575.93134
2020-09-06 00:00:00,10177.789718049991,56430042198.69171,188092098308.3525
2020-09-07 00:00:00,10260.0177277544,28801019507.333485,189621410257.03525
2020-09-08 00:00:00,10359.445216989981,26560146962.23275,191501904758.68698
2020-09-09 00:00:00,10125.014956069688,47780699209.09236,186825391248.7263
2020-09-10 00:00:00,10230.154699360752,21357083446.312523,188757938083.84296
2020-09-11 00:00:00,10342.159391205681,77545788530.61436,191180566587.0585
2020-09-12 00:00:00,10378.223044584596,20796810115.947914,192111562749.9339
